Loading (p.u.),Name,Bus and Phases,kVA,Number of Phases
1.0831492989534925,Transformer.tr(r:p17udt10535-p17udt10535lv),p17udt10535.1,50.0,1
1.9528282207729375,Transformer.tr(r:p17udt1609-p17udt1609lv),p17udt1609.2,50.0,1
3.150336948431028,Transformer.tr(r:p17udt15028-p17udt15028lv),p17udt15028.1,50.0,1
3.2269270597423505,Transformer.tr(r:p17udt2390-p17udt2390lv),p17udt2390.2,50.0,1
