OpenDSS Value (p.u.),Bus
1.0516320943725197,p17ulv7920
1.0553265625731603,p17ulv39678
1.071762077319854,p17ulv57226
