OpenDSS Value (p.u.),Bus
1.0518904982323996,p17ulv10003
1.0541715954877187,p17ulv22449
1.055157760965188,p17ulv9315
1.0590205128712449,p17ulv5196
1.0716872305696026,p17ulv7095
