OpenDSS Value (p.u.),Bus
1.0564082664853782,p17ulv30801
1.0567316373845883,p17ulv17850
1.0598528103693006,p17ulv17889
1.0624618676338615,p17ulv25069
