OpenDSS Value (p.u.),Bus
1.0669916993296955,p17ulv67402
1.0754979457428713,p17ulv4672
