Loading (p.u.),Name,Bus and Phases,kVA,Number of Phases
1.2726268941559444,Transformer.tr(r:p17udt17019-p17udt17019lv),p17udt17019.2,50.0,1
2.1563239645677528,Transformer.tr(r:p17udt17489-p17udt17489lv),p17udt17489.2,25.0,1
2.5433428194617576,Transformer.tr(r:p17udt1227-p17udt1227lv),p17udt1227.1,25.0,1
